player1,player2,pair_elo,matches_together
Bright A.,Rohrabacher R.,6.678246606944932,107
Black H.,Todd P.,6.566982655014211,52
Parenteau C.,Rohrabacher R.,6.566502097787653,10
Kawamoto J.,Kawamoto J.,6.557337683060688,35
Johnson J.,Rohrabacher R.,6.555663452273814,10
Buckner B.,Wang C.,6.52197971655815,50
Parenteau C.,Waters A.,6.51933889483189,150
Bright A.,Kawamoto J.,6.507665206391186,5
Bright A.,Waters A.,6.497857929256074,51
Humberg M.,Johnson J.,6.490984268908383,25
Johnson J.,Kawamoto J.,6.488568707319438,3
David V.,Kawamoto J.,6.480007162032499,15
Waters A.,Waters L.,6.467365774609802,5
Kawamoto J.,Parenteau C.,6.464982865829414,4
Fahey K.,Pisnik T.,6.462803653197785,35
Rohrabacher R.,Todd P.,6.46236645530397,4
Smith C.,Tuionetoa E.,6.460333893116402,5
Glozman V.,Johnson J.,6.434649562188945,15
Pisnik T.,Todd P.,6.426561345329606,3
Black H.,Jones A.,6.425197080217665,34
Buckner B.,Jansen L.,6.414540533622255,4
Jansen L.,Rohrabacher R.,6.410824247842097,3
Dizon M.,Tuionetoa E.,6.409782919453986,78
Jansen L.,Kovalova L.,6.40192411889736,32
Humberg M.,Kawamoto J.,6.401473210358876,3
Johnson J.,Todd P.,6.399760183819299,3
Kawamoto J.,Tuionetoa E.,6.3963526037611205,2
Jansen L.,Pisnik T.,6.393755685222546,22
Parenteau C.,Todd P.,6.392071734022223,17
Glozman V.,Kawamoto J.,6.386377983232242,5
Schneemann L.,Todd P.,6.386006864067854,5
Bright A.,Pisnik T.,6.384892495708173,5
Christian K.,Gecheva C.,6.383236617177409,11
Humberg M.,Irvine J.,6.374345652019242,7
Brascia M.,Brascia M.,6.37111396541171,125
Pisnik T.,Tuionetoa E.,6.366050979583625,2
Jones A.,Pisnik T.,6.364053376807754,5
David V.,Schneemann L.,6.363208852507329,20
Kovalova L.,Tuionetoa E.,6.3522948626389795,3
Dizon M.,Kovalova L.,6.352161659680619,5
Kawamoto J.,Koop A.,6.346453731549243,22
Jones A.,Tuionetoa E.,6.345600701969171,14
Kawamoto J.,Todd P.,6.345020405788774,3
Irvine J.,Smith C.,6.344460721847644,4
Black H.,Irvine J.,6.343878914849798,6
Bright A.,Smith C.,6.342165888483945,5
Fahey K.,Jansen L.,6.3311792277561425,3
Newell Y.,Stratman L.,6.327232170070644,27
Humberg M.,Kovalova L.,6.326902675734569,2
Humberg M.,Jansen L.,6.325759691784912,3
Dizon M.,Jones A.,6.321794971468197,3
Dizon M.,Humberg M.,6.317328115847796,8
Jansen L.,Smith C.,6.316070396096197,12
Dizon M.,Jansen L.,6.314524873448532,2
Irvine J.,Jones A.,6.310425421544602,3
David V.,Humberg M.,6.30846526835294,2
Truong A.,Tuionetoa E.,6.306472075229052,2
Humberg M.,Jones A.,6.306030727708062,2
Fahey K.,Koop A.,6.305427207174421,3
Black H.,Bright A.,6.305098683931279,4
Glozman V.,Schneemann L.,6.303493445563166,15
Long Y.,Wei T.,6.302113669666776,8
Irvine J.,Kawamoto J.,6.295062554507764,23
Koop A.,Smith C.,6.293144939717226,2
Bright A.,Fahey K.,6.291829630175784,5
Jansen L.,Koop A.,6.288654088182367,3
Bright A.,Dizon M.,6.283000695902513,7
Dizon M.,Schneemann L.,6.280564656734078,10
Johnson J.,Schneemann L.,6.277618993608689,5
Rane M.,Smith C.,6.276358397241041,2
Irvine J.,Pisnik T.,6.275358642028231,18
Dizon M.,Smith C.,6.27316526795095,2
Kawamoto J.,Kovalova L.,6.27029115209821,13
David V.,Jansen L.,6.269684816384236,2
Black H.,David V.,6.267732252281346,2
David V.,Stratman L.,6.265984701980901,2
Kawamoto J.,Tereschenko I.,6.2655116602757515,7
David V.,Smith C.,6.264899393623525,2
Bright A.,Schneemann L.,6.264871613890498,4
Glozman V.,Jansen L.,6.256695939691983,2
Smith C.,Todd P.,6.255027332428703,4
Humberg M.,Truong A.,6.2547924270510915,3
Christian K.,Irvine J.,6.254659201234008,8
David V.,Todd P.,6.2505781883139555,13
Kawamoto J.,Rohrabacher R.,6.249192966734427,3
Ascarate C.,Radzikowska E.,6.246751641547055,2
David V.,Padegimaite L.,6.245916195204464,2
Jansen L.,Todd P.,6.244381785301084,2
Irvine J.,Valdes R.,6.243548023898816,3
David V.,Truong A.,6.243298260794874,2
Irvine J.,Truong A.,6.243082900418868,2
Gecheva C.,Radzikowska E.,6.242311252377576,2
Jones A.,Tereschenko I.,6.240070745803253,5
Irvine J.,Schneemann L.,6.239933202752754,9
Erokhina G.,Parker S.,6.236513844769489,4
Black H.,Stratman L.,6.23640439555014,2
Jansen L.,Kawamoto J.,6.233549678028191,3
Johnson J.,Pisnik T.,6.231803495226368,6
Black H.,Jansen L.,6.231611667531079,9
Christian K.,Rane M.,6.231480053489972,8
Jones A.,Stratman L.,6.231439335010048,17
Kovalova L.,Todd P.,6.230479102079533,2
Fahey K.,Truong A.,6.2296692196718,4
Ansboury S.,Braverman J.,6.226247166906517,15
Esquivel M.,Kong L.,6.225090003584412,2
Irvine J.,Newell Y.,6.224798314184369,3
Padegimaite L.,Sleeth L.,6.224736644284938,5
Oshiro B.,Rane M.,6.222966607091294,22
Erokhina G.,Maddox C.,6.222930987842099,2
Jansen L.,Schneemann L.,6.222792403365732,7
Tereschenko I.,Tuionetoa E.,6.22135957008185,17
Irvine J.,Stratman L.,6.2209755476743505,4
Bright A.,Jansen L.,6.218996250604976,3
Christian K.,Sleeth L.,6.218703754231186,5
Black H.,Schneemann L.,6.218016000890179,3
Fahey K.,Padegimaite L.,6.218002144066647,3
Buckner B.,Padegimaite L.,6.217146034242634,27
Dizon M.,Truong A.,6.210578342522757,3
Castillo J.,Radzikowska E.,6.210461522372509,25
Newman L.,Pisnik T.,6.2063783115211395,7
Brascia M.,Dizon M.,6.206107434015815,3
Irvine J.,Koop A.,6.205991276892661,13
Truong A.,Walker A.,6.2049143810876615,2
Buckner B.,Newell Y.,6.203243873353816,2
Rohrabacher R.,Valdes R.,6.2021733646034285,7
Stratman L.,Walker A.,6.2009984267540155,2
David V.,Dizon M.,6.200124096493877,4
Cederquist E.,David V.,6.200089074475776,3
Black H.,Johnson J.,6.197389858795479,41
Schaefer D.,Sewing S.,6.196949873641657,6
Smith C.,Truong A.,6.194759190988086,3
Erokhina G.,Phillips A.,6.193975455365297,5
Jansen L.,Jones A.,6.190729806708235,34
Jones A.,Smith C.,6.189200231252423,21
Rane M.,Truong A.,6.189040083650273,8
Parker S.,Stratman L.,6.187466595041473,4
Koop A.,Sleeth L.,6.18743704102652,1
Frantova M.,Padegimaite L.,6.187315045807375,2
Newell Y.,Tuionetoa E.,6.186891766346713,4
DiMuzio V.,Smith C.,6.185232267800936,2
Frantova M.,Phillips A.,6.180001962984077,2
Glozman V.,Todd P.,6.179847200326306,2
Johnson J.,Parenteau C.,6.179323267525514,14
Irvine J.,Wang C.,6.178997212431523,2
Kawamoto J.,Truong A.,6.178237040658736,2
Erokhina G.,Frantova M.,6.177533023381529,2
David V.,DiMuzio V.,6.175530398517884,2
Johnson J.,Kovalova L.,6.173818504676528,2
Irvine J.,Johnson J.,6.173554661869838,5
Bright A.,Jardim S.,6.173101760874812,3
Dizon M.,Stratman L.,6.173099285889735,13
Braverman J.,Maddox C.,6.173013730971632,7
Jansen L.,Truong A.,6.172680126015997,4
Rane M.,Valdes R.,6.1718278976463035,4
Kovalova L.,Smith C.,6.171535722297472,96
Rane M.,Stratman L.,6.1695524935274,2
Christian K.,Schneemann L.,6.169269189261183,2
Erokhina G.,Newman L.,6.167927421126173,3
Dizon M.,Tereschenko I.,6.167868663504425,19
Jardim S.,Jones A.,6.165975057797956,3
Fahey K.,Stratman L.,6.164586359251207,2
Ansboury S.,Goldberg R.,6.1635382666302,2
Humberg M.,Newman L.,6.16243973880644,1
Stratman L.,Truong A.,6.160866031530876,1
Rettger R.,Sewing S.,6.160172825356349,2
Erokhina G.,Goldberg R.,6.159562708524906,2
Phillips A.,Truluck L.,6.158088510108365,5
Esquivel M.,Hendry A.,6.157747202057148,2
Emmrich T.,Padegimaite L.,6.157251084025345,6
Frantova M.,Sleeth L.,6.157244039986485,2
Castillo J.,Truong A.,6.156932962752116,2
Bright A.,Koop A.,6.155843824866568,8
Gecheva C.,Walczak D.,6.155324845017413,6
Rane M.,Wang C.,6.150518882139939,3
Bouchard G.,Erokhina G.,6.150293640610591,2
Ansboury S.,Castillo J.,6.149677124086335,3
Erokhina G.,Sleeth L.,6.148879107914459,1
Emmrich T.,Valdes R.,6.14674227231796,2
Frantova M.,Hoag C.,6.144476484704365,6
Jansen L.,Padegimaite L.,6.140649491523578,3
Newman L.,Padegimaite L.,6.138867188332482,4
Glozman V.,Newman L.,6.137924350063934,5
David V.,Koop A.,6.137522417385253,10
Igleski C.,Luque F.,6.137324414087263,2
Radzikowska E.,Sleeth L.,6.136201321505342,1
Frantova M.,Truluck L.,6.135944393962626,4
Christian K.,Stratman L.,6.13587994724699,4
Brascia M.,Padegimaite L.,6.135762101456703,2
Newman L.,Smith C.,6.135035024814972,1
James R.,Paolicelli M.,6.134960064614388,3
Barr S.,Walker A.,6.134426635729711,3
Glozman V.,Truong A.,6.134283997832392,2
Koop A.,Pisnik T.,6.133943541137946,10
Blatt H.,Radzikowska E.,6.132857489091602,2
Radzikowska E.,Rettger R.,6.1322556125474135,6
Bates S.,Radzikowska E.,6.125753904478671,4
Imparato P.,Phillips A.,6.12476357350143,3
Padegimaite L.,Schneemann L.,6.124722195872848,4
Huynh-McClain T.,Lum M.,6.124508706590156,11
David V.,Emmrich T.,6.12273497688874,2
Buckner B.,Schneemann L.,6.122632273495297,4
Emmrich T.,Erokhina G.,6.122631659856654,9
Erokhina G.,Kong L.,6.121888171772676,4
Castillo J.,Pisnik T.,6.120227335729744,2
Klaassen C.,Truluck L.,6.1201659487599365,2
Bui M.,Rane M.,6.119175520174203,3
Newell Y.,Parenteau C.,6.117908653264638,3
Castillo J.,Tereschenko I.,6.1172028813277155,3
Matthews K.,Reichert A.,6.11651258501757,2
Newman L.,Phillips A.,6.115570485089259,2
Barr S.,Jansen L.,6.11522348554747,2
Castillo J.,Trifunovic C.,6.1123394468341035,4
David V.,Pisnik T.,6.111481367290139,7
Ansboury S.,Trifunovic C.,6.109990925347872,2
Campbell C.,Laurente K.,6.109379084922518,2
Emmrich T.,Radzikowska E.,6.108489763360037,6
Bright A.,Glozman V.,6.107378814742582,4
Cederquist E.,Erokhina G.,6.10708883982561,1
McMillan O.,Newman L.,6.106595409667888,4
Ansboury S.,Erokhina G.,6.106182144185159,2
Koop A.,Truong A.,6.1058747644938505,3
Kong L.,Oshiro B.,6.105767833721734,2
Braverman J.,Truong A.,6.105676599179755,2
Tereschenko I.,Valdes R.,6.105506428471063,2
Kunimoto K.,Morelli G.,6.104705374082502,2
Haas J.,Lum M.,6.103939713270697,4
Jones A.,Padegimaite L.,6.1033150044408675,1
Maddox C.,Tereschenko I.,6.103016454926096,2
Kong L.,Phillips A.,6.102349693994493,2
Buckner B.,McMillan O.,6.100990507464216,2
Irvine J.,Jansen L.,6.100655368468576,16
Goldberg R.,Rohrabacher R.,6.100298194244216,6
Christian K.,Maddox C.,6.100288799417764,2
Kovalova L.,Safdar M.,6.100186096305028,1
Hendry A.,Wang C.,6.0997235048682805,4
Frantova M.,Schaefer D.,6.099103791278842,3
Funaro D.,Khan Z.,6.097591518482505,2
Pretorius S.,Reichert A.,6.097329903452942,2
Laura F.,Schaefer D.,6.097080021983203,2
Blatt H.,Esquivel M.,6.0967457293443434,2
Conard N.,Dunlap I.,6.095821868191659,2
Banada A.,Morelli G.,6.094798529244961,2
Reichert A.,Turkovic D.,6.093968124528378,2
Esquivel M.,Valdes R.,6.093588784009721,2
Kovalova L.,McMillan O.,6.093443407963319,1
Huynh-McClain T.,Trifunovic C.,6.091591637358797,2
Newman L.,Sleeth L.,6.09117653052272,6
Gecheva C.,Pisnik T.,6.090291681618868,2
Braverman J.,Summers R.,6.09013509183043,2
Bouchard G.,Christian K.,6.089776065773704,4
Chin C.,Rodriguez A.,6.089632721756723,4
Braverman J.,Christian K.,6.0890885864231405,2
Kawamoto J.,Schneemann L.,6.08787445674086,29
Barr S.,Schneemann L.,6.086870816086401,4
Castillo J.,Haas J.,6.0866917132820895,2
Harris A.,Rohrabacher R.,6.085339146762382,2
Frantova M.,Parker S.,6.0852809732373645,3
Blatt H.,Schulte M.,6.084726735327366,2
Phillips A.,Phillips O.,6.084673687117422,2
McMillan O.,Phillips A.,6.084311863298857,9
Banada A.,Wang-Beckvall X.,6.0835044940810645,2
Black H.,Goldberg R.,6.083218569264716,4
Emmrich T.,Frantova M.,6.082691383587675,3
Davis A.,Fife H.,6.081073207470686,3
Radzikowska E.,Summers R.,6.08105522742138,5
Igleski C.,Palau P.,6.080592728997375,2
Castillo J.,Wang C.,6.078644032757654,1
Brown A.,Candelaria A.,6.078410473392882,2
Black H.,Tavernier J.,6.078254271864845,11
Braverman J.,Oshiro B.,6.077937645807307,2
Miles P.,Phillips A.,6.077791503891215,8
Newman L.,Stratman L.,6.077330009141817,6
Newell Y.,Padegimaite L.,6.076754451632178,14
Black H.,Valdes R.,6.076450521439526,1
Frantova M.,Summers R.,6.075914535956888,3
Barr S.,Glozman V.,6.0758836673650025,2
Johnson J.,Jones A.,6.075619680494781,4
McMillan O.,Oshiro B.,6.073963195834007,5
Bright A.,Todd P.,6.073371476608054,5
Esquivel M.,Summers R.,6.073349655414989,2
Newman L.,Zilveti C.,6.072726832959536,1
Ignatowich A.,Rettger R.,6.072432586786252,2
Parker S.,Rettger R.,6.072166342218731,4
Phuong Anh Tran S.,Tam H.,6.071263766681537,2
Candelaria A.,Hones M.,6.0709113779865405,3
Chew A.,Elpusan T.,6.070091540756194,2
Ansboury S.,Kong L.,6.07006255665342,2
Brown A.,Ruhl T.,6.070045445031153,4
Buckner B.,Gecheva C.,6.069631812162707,4
Ruhl T.,Truluck L.,6.069419391898164,4
Haas J.,Meyer A.,6.069389512707435,4
Parker S.,Truluck L.,6.068967150681977,1
Castillo J.,Johnson J.,6.068597758332089,5
Nobler H.,Rane M.,6.068112838085036,4
Blatt H.,Parker S.,6.067506904615021,2
Jansen L.,Stratman L.,6.066907052550979,1
Humberg M.,Rane M.,6.0667999173213545,4
Christian K.,Erokhina G.,6.065009048497015,5
Carpenter S.,Lewis C.,6.064752649272662,3
Haas J.,Wang C.,6.064040485734881,2
Gecheva C.,Mayorga-Perry C.,6.062815620645883,4
Banada A.,Hua S.,6.0627631653827025,2
Jansen H.,Phillips A.,6.062193355208078,2
Jansen H.,Schulte M.,6.062111482276598,2
Chan A.,Wong L.,6.062067408766268,2
Esquivel M.,Radzikowska E.,6.061899890829266,1
Castillo J.,Newell Y.,6.0615591459596345,4
Christian K.,Summers R.,6.061451332450279,2
Emmrich T.,Truong A.,6.061025923869207,2
Raugust D.,Walker A.,6.06073332731498,2
Jackson B.,Kaufman B.,6.060185006783847,2
Kunimoto K.,Nguyen T.,6.059894440351756,3
Klokotzky M.,Schull A.,6.059509534757687,2
David V.,Tuionetoa E.,6.059467389294265,4
Ansboury S.,Oshiro B.,6.058590654994696,5
Irvine J.,Newman L.,6.058008936579391,4
Erokhina G.,Stratman L.,6.057801836636715,3
Gecheva C.,Newell Y.,6.0566622332869775,4
Weil Z.,Zilveti C.,6.056434639832716,2
Brown A.,Lum M.,6.05619972067267,2
Esquivel M.,Zilveti C.,6.055887900892419,2
Phillips A.,Phillips L.,6.055750869760979,3
Gaskins E.,Roberts M.,6.055622424033111,2
Lutz M.,Yu V.,6.05428267896386,4
Hance K.,Schmidt E.,6.054137243984662,2
Rettger R.,Schmidt E.,6.053757948812174,2
Esquivel M.,Hones M.,6.053749539967752,9
Kong L.,Zilveti C.,6.053493391419271,2
Esquivel M.,Truluck L.,6.0533931698672205,1
Hur N.,Zilveti C.,6.053374762064668,2
Johnson J.,Koop A.,6.05285517922198,5
Sleeth L.,Truong A.,6.052609495994434,3
Emmrich T.,Humberg M.,6.052039960251213,4
Braverman J.,Fudge M.,6.051602079418721,4
Ansboury S.,Truluck L.,6.051333399659857,1
Brown A.,Safdar K.,6.050870967264448,2
Rettger R.,Schaefer D.,6.050672711023159,7
Schneemann L.,Tuionetoa E.,6.050457622407958,16
Bui M.,Truong A.,6.049705648334184,2
Schaefer D.,Walker A.,6.04961002247322,2
Black H.,Devidze S.,6.04946839287198,4
Piekarski M.,Slater N.,6.049319398604449,2
Igleski C.,Ingram J.,6.049214528072389,6
Glozman V.,Oshiro B.,6.049076669832348,4
Montez P.,Stepien C.,6.048928265346738,2
Bui J.,Goldberg R.,6.047747437792858,2
Murillo C.,Rogers B.,6.047377372107381,2
Haas J.,Li M.,6.047258757853857,2
Frantova M.,Gecheva C.,6.047160392587191,3
Grambeau K.,mercado l.,6.046973119994999,2
Cederquist E.,Goldberg R.,6.0468521129497415,2
Schneemann L.,Tereschenko I.,6.0468203921205745,1
Brown A.,DiMuzio V.,6.046469607370522,2
Esquivel M.,McMillan O.,6.045379797131987,5
James R.,Wilcox J.,6.044070302516331,4
Christian K.,McMillan O.,6.0435311953129345,2
Hoag C.,Huynh-McClain T.,6.043201283663223,1
David V.,Johnson J.,6.0428159735467535,6
Bui M.,Gecheva C.,6.041771780897607,1
Erokhina G.,Esquivel M.,6.0406370917708365,2
Biakina E.,Schulte M.,6.04034314676901,2
Ascarate C.,Erokhina G.,6.040321532582977,1
Gecheva C.,Goldberg R.,6.04,2
Rodriguez A.,Tauber L.,6.039598770782629,2
Castillo J.,Frantova M.,6.039069115347609,5
Guillebeaux S.,Ruhl T.,6.038552776919025,5
Gaytan-Leach C.,Newell Y.,6.038476492230557,7
Braverman J.,Raney N.,6.03820343368081,3
Cosma E.,Rau J.,6.037598937491012,2
Fahey K.,Hendry A.,6.037449470158863,1
Bright A.,David V.,6.0358338910426825,17
Koop A.,Parenteau C.,6.0354408659682575,3
Erokhina G.,Valdes R.,6.03506193821334,14
Kong L.,Wang C.,6.034918789867724,2
Palau P.,Weil Z.,6.034662039963008,2
Erokhina G.,McMillan O.,6.03461659876329,3
Frantova M.,Kong L.,6.034588790602185,1
Erokhina G.,Trifunovic C.,6.034175779552972,4
Ackerman E.,Rane M.,6.033822128976145,8
Rane M.,Schneemann L.,6.033542083794043,4
Bates S.,Nobler H.,6.033237281606648,4
Black H.,Braverman J.,6.033059304761419,9
Leising J.,Wilkins M.,6.032797294770953,4
Ackerman E.,Gaytan-Leach C.,6.032689792602946,2
Buckner B.,Tuionetoa E.,6.0326445585674735,9
Blatt H.,DiMuzio V.,6.0324160427625975,2
Schaefer D.,Sleeth L.,6.032181328397428,8
Ansboury S.,Imparato P.,6.0320060045521,2
Goldberg R.,Schneemann L.,6.031009064928662,7
Conard N.,Lutz M.,6.030324702744397,2
Banada A.,Bui M.,6.030108682316662,2
Kong L.,McMillan O.,6.0298058884049714,3
Bates S.,Blatt H.,6.029398421648807,3
Kong L.,Schaefer D.,6.0281538918785476,1
Bates S.,McMillan O.,6.028135709250436,2
Jansen H.,Schaefer D.,6.027732367652978,2
Ansboury S.,Banada A.,6.027095512725857,5
David V.,Fudge M.,6.026631326901688,5
Chuang A.,Nelson A.,6.026241097123322,5
Fudge M.,Jones A.,6.025653945636156,1
Haas J.,Hoag C.,6.02547237734918,3
Lai A.,Taniguchi T.,6.025063887505963,2
Revuelta B.,Schmidt E.,6.025005821946384,2
Brown A.,Tauber L.,6.024397852422629,2
Brown A.,Tavernier J.,6.023788416941341,2
Bates S.,Gecheva C.,6.023413761255018,4
Clemmer K.,Pham S.,6.0233694071301995,2
Buckner B.,Oshiro B.,6.02312524952999,3
Brown A.,Johnson J.,6.022031065708659,1
Black H.,Carr C.,6.021734713415953,4
Blue N.,Melin S.,6.021644263142791,2
Chen K.,Kunimoto K.,6.020896040343689,1
Grambeau K.,Hoag C.,6.02050321464064,5
Butterfield C.,Rogers B.,6.019849545591631,1
Campbell C.,Schaefer D.,6.019784374437915,1
Ash R.,Miles P.,6.019765622896153,2
Ignatowich A.,Phillips A.,6.019152192494858,2
Castillo J.,Oshiro B.,6.0188062669560765,1
Castillo J.,Safdar M.,6.0186582610403265,2
Irvine J.,Tuionetoa E.,6.018527658516647,3
Frantova M.,Newman L.,6.018330114871304,3
Rosati A.,Turkovic D.,6.018188734353553,4
Emmrich T.,Pisnik T.,6.01748595579531,18
Ackerman E.,Padegimaite L.,6.017218748745487,5
Igleski C.,Petrei M.,6.0169690507851366,1
Trevino C.,Wright C.,6.01694742557552,2
Bright A.,Fudge M.,6.016944313544601,3
Biakina E.,Mikhno A.,6.016849022548498,2
Ansboury S.,Brown A.,6.016768117069499,1
Allegro K.,Kenna E.,6.015046637676709,3
Gecheva C.,Kong L.,6.01462755559862,4
Goldberg R.,Summers R.,6.0143343486052885,2
Summers R.,Zilveti C.,6.014104141486267,1
Oto C.,Shin-Hroch L.,6.014009693871434,2
Donahue S.,Yeh E.,6.013436992455381,2
Beck A.,Ciampini R.,6.013369216402782,6
Fahey K.,Mayorga-Perry C.,6.012648960576837,2
Haas J.,Kong L.,6.012043181772913,3
Haywood J.,Safdar K.,6.011914683122015,1
Oshiro B.,Stewart K.,6.011609220826705,1
Bui J.,Griffith A.,6.011449063483404,2
Cavataio A.,Schull A.,6.0101621853341545,1
Klokotzky M.,To H.,6.009725792299369,2
Rizzo P.,Sleeth L.,6.009725456902939,2
Parker S.,Schmidt E.,6.0095936984838865,2
Emmrich T.,Stratman L.,6.009083546992274,1
Klaassen C.,Turkovic D.,6.008951641443014,1
Ansboury S.,Fudge M.,6.008768769457971,4
Gecheva C.,Tavernier J.,6.007940995650899,3
Hur N.,Skufca E.,6.0076821440213255,1
Jansen H.,Laura F.,6.00760607427882,2
Igleski C.,Jansen H.,6.007553612078895,1
Newell Y.,Tereschenko I.,6.006515694439927,5
Bates S.,Hoag C.,6.0055562924218755,4
Schulte M.,Trifunovic C.,6.005303550739021,3
Christian K.,Fahey K.,6.0049514912079545,3
Gecheva C.,Rettger R.,6.004491332566937,1
Donahue S.,Ronney J.,6.0039892040294855,2
Imparato P.,Truluck L.,6.003904127255685,26
Kendall C.,Mason J.,6.0035393850454275,4
Hosea K.,Nelson K.,6.002073426276037,4
Bouchard G.,Sleeth L.,6.001411133119474,9
Hessert J.,Ruhl T.,6.001164945953498,2
Conard N.,Rosati A.,6.000186664199317,2
Bon S.,Toole H.,6.000114774257254,2
Clemen T.,Saidhuj S.,5.999852071884393,2
Bates S.,Hua S.,5.999692718413737,1
Mulhern S.,Rodriguez A.,5.999475026705527,1
Bouchard G.,Frantova M.,5.998923508254133,1
Castillo J.,DiMuzio V.,5.9988833433905535,2
Grigoriu M.,Leon J.,5.998840438488292,1
Ruhl T.,Walker A.,5.998702272362321,7
Imparato P.,Parker S.,5.998414188873795,2
Ignatowich A.,Kong L.,5.9980925662029225,6
Walker A.,Walker A.,5.998069220753816,57
Carr K.,Mozdzierz-Monico M.,5.997980557625758,3
Hones M.,Ignatowich A.,5.997957294925588,3
Blatt H.,Summers R.,5.997848576428491,1
Raney N.,Rosati A.,5.997631488117281,2
Bouchard G.,Ignatowich A.,5.997539908885535,8
Garcia T.,Lane G.,5.996674753398083,3
Eugenio N.,Lum M.,5.996644800252021,2
Ingram J.,Vogel K.,5.996068697720751,2
Blatt H.,Kong L.,5.995172876184837,3
Hall G.,Levkulich B.,5.995128902709368,1
Aldridge B.,Godwin A.,5.994969694597522,1
Barr S.,Padegimaite L.,5.99434691800491,5
Bouchard G.,Schulte M.,5.99434344386816,2
Frantova M.,Hones M.,5.993520538425378,2
Hoag C.,Schmidt E.,5.993473163045321,1
Kong D.,Rasmusen M.,5.99334809465625,2
David S.,Klett J.,5.993286698498677,4
Libo P.,Simon V.,5.993225758151466,2
Chen K.,Jareonvongrayab P.,5.993124735917514,2
McMillan O.,Rettger R.,5.992945232156596,2
DiMuzio V.,Gecheva C.,5.992858927443737,2
Ackerman E.,Buckner B.,5.992242173438231,3
Nobler H.,Radzikowska E.,5.992067233828185,3
Libo P.,Spiridis H.,5.991332181131076,1
Laura F.,Weil Z.,5.990920503354613,1
Christian K.,Trifunovic C.,5.990676975849408,6
Mone E.,Weston W.,5.990499420410519,1
Charity M.,Johanson R.,5.989802700742924,4
Christian K.,Emmrich T.,5.989028337821792,3
Duknic L.,Nesbitt K.,5.988763856313042,1
Le E.,Toole H.,5.988484831306726,1
Boydston E.,Wong L.,5.988399761258406,5
Aguado B.,Schoenebeck S.,5.987698731711177,1
Goldberg R.,Trifunovic C.,5.986631694218596,1
Gecheva C.,McMillan O.,5.9866102812500275,12
Goldberg R.,Irvine J.,5.9865581157186,4
Levkulich B.,Skingley E.,5.985934315697509,1
Bates S.,Rettger R.,5.985722195172575,16
DiMuzio V.,Rosati A.,5.98557546269266,2
Dernoot K.,Weston W.,5.985559362426077,1
Godwin A.,Mc Gowan M.,5.985275707439106,1
Ingram J.,Wilcox J.,5.985009489433609,1
Biakina E.,Mason J.,5.984854782680104,3
Kong D.,Murray B.,5.983868304708872,2
Esquivel M.,Schulte M.,5.983463878495266,2
Blatt H.,Goldberg R.,5.983288734360298,3
Phillips A.,Walker A.,5.9827736663965485,6
Brascia M.,Stratman L.,5.982715059210949,12
Klett J.,mcintosh c.,5.98202664963958,4
Jansen H.,Spiridis H.,5.9815185895550895,3
Blatt H.,Schmidt E.,5.981188718009049,1
Erokhina G.,Gecheva C.,5.980923400066662,6
Parkinson S.,Weil Z.,5.980709885453187,1
Ojeda B.,Steffins J.,5.980651868558706,1
Hidalgo-Smith L.,Libo P.,5.980411084343238,1
Garcia T.,Klaassen C.,5.980270566260453,2
Haymore H.,Haywood J.,5.979597943814575,3
Jansen H.,Kusuma C.,5.979505079386046,1
Hoag C.,Rettger R.,5.979078773628258,1
Jareonvongrayab P.,Wang T.,5.979010072069824,1
Rose A.,Smashey K.,5.977929073647941,1
Ash R.,Raugust D.,5.977489332257153,5
Murray B.,Peery A.,5.977192141460307,1
Klaassen C.,Moore S.,5.977173082411168,1
Bowman J.,Huynh-McClain T.,5.977117661348139,1
Greenhut S.,Laurente K.,5.976769389109392,1
Griffith A.,Martin V.,5.9766912717622,1
Belyea J.,Guillebeaux S.,5.976326099174834,1
Liu T.,Rivas V.,5.9761981912771684,1
Imparato P.,Rettger R.,5.975916771633078,4
Safdar K.,Safdar M.,5.975916341177261,7
Carter M.,Laubscher J.,5.974990836954346,1
Basiri B.,Williams R.,5.974989597635263,1
Chudnenko E.,Delsart M.,5.974086921786295,1
Jones J.,Kennedy K.,5.973991332229156,1
Ash R.,Piekarski M.,5.973738662496771,2
Phillips A.,Schaefer D.,5.973418420136145,4
Aldridge B.,Muller K.,5.972937509764089,1
Geut E.,Jones M.,5.972429188775875,4
Kong D.,Kong L.,5.972406198450941,1
Blatt H.,Bouchard G.,5.971889859204101,1
Clark C.,Welch A.,5.970697284356399,1
Elpusan T.,Eugenio N.,5.970628078642953,2
Donahue S.,Khan Z.,5.9701574276343985,2
Raugust D.,Wilcox J.,5.969531221718248,1
Mayette D.,Puni E.,5.969268480721912,1
Khan Z.,Ruhl T.,5.969095546065921,1
Abelson S.,Rosati A.,5.968888554216198,1
Castillo J.,Emmrich T.,5.968818221710915,1
Kostyniuk A.,Soroka K.,5.968655279198481,1
Hsieh P.,Weiss K.,5.9682283834907555,1
Greenhut S.,Koral R.,5.96790803427503,1
Abrams S.,Haymore H.,5.967529101888665,1
Elliott C.,Lum M.,5.967486114760667,3
Helmuth V.,Spafford C.,5.967410348601383,1
Phillips A.,Trujillo I.,5.966855483905744,3
Ronney J.,Zilveti C.,5.9668095385135995,2
Ansboury S.,McMillan O.,5.966006380609647,7
Elliott C.,Eugenio N.,5.966003782977268,2
Studnicki A.,Wei T.,5.965807020838726,1
Cour A.,Policare A.,5.965254057386491,2
Alekhova N.,Ascarate C.,5.964952831764149,1
Conard N.,Ignatowich A.,5.964435108429495,1
Wright C.,mcintosh c.,5.963924931159887,5
Brown A.,Schmidt E.,5.963769345772029,2
Funaro D.,Laura F.,5.963613478157553,2
Holder K.,Phan V.,5.963548783076007,1
Tan E.,Thoeng L.,5.963509307559095,1
Leonard K.,Venta M.,5.963407127814755,1
Huang H.,Lai P.,5.963280858841911,1
Blatt H.,Rettger R.,5.963240496198974,2
Eugenio N.,Huynh-McClain T.,5.963183888986802,1
Kemp B.,Olson A.,5.961100449972149,2
Biakina E.,Wold M.,5.96021536714943,1
Khan Z.,Stennfeld D.,5.960147416492907,1
Esquivel M.,Newman L.,5.960024097109489,12
Hidalgo-Smith L.,Ruhl T.,5.959994880520717,1
Le E.,Yu V.,5.959892951435272,1
Padegimaite L.,Stratman L.,5.959825330504232,20
Collins H.,Schuster S.,5.95969123209975,1
Gaskins E.,Greenhut S.,5.95939049823098,1
Jansen H.,Weil Z.,5.959113919309092,1
Pfeifler J.,Stephens I.,5.958659671472268,2
Beck A.,Murillo C.,5.9584015637397085,2
Emmrich T.,McMillan O.,5.95830622840572,1
Biakina E.,Conard N.,5.958129888850381,1
Pham S.,Raugust D.,5.958073701936416,2
Bouchard G.,Truluck L.,5.957775108689138,2
Hua S.,Phillips A.,5.957035648381192,1
Blatt H.,Campbell C.,5.956821756344811,2
Hones M.,Kong L.,5.956132485580178,2
Mason J.,Miller K.,5.955388072398685,2
Funaro D.,Weil Z.,5.954149494939188,1
Kim T.,Wingad S.,5.953779297966538,1
Jansen H.,Kong L.,5.953473483658849,1
Simon V.,Zigliara C.,5.9528957559952165,1
Aldridge B.,Delgado S.,5.952661916984219,1
Giltinan L.,Weil Z.,5.952544657120708,1
Ash T.,Jensen L.,5.952071465658722,1
Conard N.,Laurente K.,5.9519822122543955,1
Alvarez A.,Ncube M.,5.951915311124843,1
Saunders M.,Zerbst D.,5.951869991620141,1
Erokhina G.,Stepien C.,5.951852578689021,2
Garza D.,Remshard E.,5.951838746574033,3
Phillips O.,Trevino C.,5.951722243753373,1
Lim D.,Turkovic D.,5.951599341008446,7
Khan Z.,Stanciu L.,5.9515656287111245,1
Cantelon L.,Wolf D.,5.951161794053161,2
Blatt H.,Slater N.,5.950815238816479,1
Eugenio N.,Wolf D.,5.950803435747081,1
Kong L.,Trifunovic C.,5.9504351015448975,1
Beck A.,Kong D.,5.950075409451511,1
Kong L.,Rettger R.,5.949769327842149,1
Chattrabhuti J.,Frey A.,5.949648617095669,1
Ochoa I.,Palau P.,5.949483690477005,1
Haywood J.,Kenna E.,5.949304120642377,1
Ash R.,Taufa D.,5.948679118959678,2
Davis A.,Taniguchi T.,5.9486674834303255,1
Hua S.,Pham S.,5.9484808039853565,4
Ojeda B.,Policare A.,5.948355239205277,1
Phuong Anh Tran S.,TÃ¢m H.,5.948290720100024,1
Conard N.,Duknic L.,5.9480655645642395,1
Helmuth V.,Palau P.,5.947732911655981,1
Jones L.,Murphy M.,5.94771714678297,5
Garff R.,Yeh E.,5.947257942036666,1
Parker S.,Ruhl T.,5.94702881943104,1
Hones M.,Walczak D.,5.946498277631277,2
Chargot C.,Marseco K.,5.946390454807952,1
Downing M.,Godwin A.,5.946209932898788,1
Biakina E.,Garza D.,5.946189775938958,2
Ouchi K.,Wolfe M.,5.945984566296134,1
Marbury K.,Stulbarg K.,5.945885455547538,1
Donatoni M.,Pretorius S.,5.945709519529609,1
Hones M.,Imparato P.,5.9455536535170115,2
Schmidt E.,Schulte M.,5.945393576169065,1
Aldridge B.,Donahue S.,5.945229074416012,1
Felton J.,Kusuma C.,5.945095579245887,1
Imparato P.,Laura F.,5.944967088493207,1
Gaines K.,Hudson S.,5.944832314864274,1
Policare A.,Rodriguez A.,5.9448179285897975,1
Glozman V.,Schaefer D.,5.944761621070407,3
Igleski C.,Mason J.,5.944693194430277,2
Hee E.,Jones M.,5.944565846523106,1
Bui M.,Griffith A.,5.944440470512138,1
Irvine J.,Tereschenko I.,5.944386798721715,14
Hoag C.,Hua S.,5.944384848205992,1
Nguyen V.,Wolfe M.,5.9442957566911,1
Blake C.,Ruhl T.,5.944162186661039,2
Stakiw-Harlow D.,Williams S.,5.94413527484859,3
Khan Z.,Palau P.,5.943914487427986,2
Mayorga-Perry C.,Raugust D.,5.943833000915311,2
Haas J.,Phillips A.,5.943568763617407,1
Grigoriu M.,Pretorius S.,5.943471326207312,2
Braverman J.,Buckner B.,5.94270529367002,2
Revuelta B.,Truluck L.,5.942680978132801,1
Boydston E.,Igleski C.,5.941990038657026,3
Rettger R.,Ruhl T.,5.941948482724818,1
Campbell C.,Cosma E.,5.941551480751268,1
Bohnert R.,Schull A.,5.941355401125854,1
Ignatowich A.,Khan Z.,5.941119909767499,1
Goldberg R.,Rane M.,5.941057454620376,5
Hatton A.,Yeh E.,5.941032454925917,1
Berndt S.,Stumpf E.,5.940546034575213,1
Chan J.,Chen K.,5.940243900025603,1
Murphy M.,Trifunovic C.,5.939844111604685,1
Bohnert R.,Schmidt E.,5.939802269449861,1
Bowers A.,Glenn C.,5.9380903965212894,1
Minniefield J.,OKelley A.,5.9378271060161865,2
Dizon M.,Johnson J.,5.9374352268085335,6
Garcia T.,Pretorius S.,5.937137731645178,1
Garcia T.,Wang C.,5.93710673222507,1
Campbell C.,Ingram J.,5.936637065295912,2
Davis A.,Jackson B.,5.936270988974789,1
Boydston E.,Stewart K.,5.936010482092829,1
Campbell C.,Wasson C.,5.93584736337983,1
Devidze S.,Whitwell L.,5.935765112304367,3
Field K.,Magardie J.,5.935300681705442,1
Schulte M.,Zilveti C.,5.935226996269922,5
Peery A.,Wong L.,5.935192749049031,1
Brown A.,Hidalgo-Smith L.,5.93485925008717,1
Banada A.,Grigoriu M.,5.9337353343169905,3
Gaytan-Leach C.,McMillan O.,5.933555195626536,1
Ricardo S.,Widdershoven E.,5.9331766793190015,1
Campbell C.,Petrova I.,5.932999162989723,1
Christian K.,Jansen H.,5.9328225132714385,1
Chuang A.,Wang-Beckvall X.,5.932657326553112,1
Ignatowich A.,Safdar M.,5.932394089951139,2
Hones M.,Tauber L.,5.932360170086938,4
Fakhre F.,Widdershoven E.,5.932055958210466,1
Lum M.,Olson A.,5.931618820526791,1
Calvin C.,Huttman L.,5.929692881137621,1
Brown A.,Newman L.,5.929568405340019,1
Ignatowich A.,Imparato P.,5.9295001588431,1
DuJardin Y.,LeMone C.,5.929413799442426,3
Contratto A.,Janssen R.,5.929167610718798,1
Berry A.,Donahue S.,5.929104431578596,1
Minniefield J.,Rau J.,5.9286357794286095,1
Mayorga-Perry C.,Wulff J.,5.928487646230259,7
Beck A.,Bliss K.,5.92822180602806,1
Blaser C.,Hart M.,5.928068416906761,1
Murray B.,Welch A.,5.927997281695352,1
Caruso B.,Jansen H.,5.927914630362857,2
Bertrand C.,Ford C.,5.927776011856315,1
Imparato P.,Schulte M.,5.9274776543509144,2
Blatt H.,Jansen H.,5.926917228811785,2
Hoang I.,Jareonvongrayab P.,5.926891904242213,1
Fan C.,Tam F.,5.926882632422727,1
Shaffer W.,Werbeck J.,5.92677820527803,1
Chew A.,Purcell C.,5.92633739515937,1
Hamilton D.,Pitts N.,5.926161413676171,1
Tschetter I.,Voelker J.,5.92591983439749,1
Lum M.,Wolf D.,5.925428740963496,2
Leonard K.,Riser T.,5.925301364129346,1
Brown S.,Dunn D.,5.92521073406335,3
Diehl K.,Fisher R.,5.924964979329196,3
Buckner B.,Dizon M.,5.924711601916803,1
Hones M.,Wright C.,5.924582031830838,8
Erokhina G.,Eugenio N.,5.924255542981829,1
Chew A.,Wold M.,5.923988876686885,1
Hatton A.,Nelson E.,5.923982495785499,1
Bon S.,Chan A.,5.92392571670398,1
Cai J.,Wannachinda C.,5.923765171855548,1
Miles P.,Pham S.,5.923453338500364,1
Pisacrita A.,Yoshitomi A.,5.923415339069656,1
Chandler A.,Libo P.,5.92326567613901,1
Carmichael K.,Mozdzie I.,5.923205099586147,1
Rettger R.,Zilveti C.,5.92312274793536,2
Taufa D.,mercado l.,5.922893307260932,2
Blatt H.,Humberg M.,5.922441881129757,1
Nelson E.,Tschetter I.,5.922234811180962,1
Carr K.,Go D.,5.922077011308383,1
Hones M.,Newman L.,5.921986172379103,1
Murray B.,Wong L.,5.921658712342701,1
Minniefield J.,Widdershoven E.,5.921622702192569,1
Goldberg R.,Padegimaite L.,5.920917167349144,1
Sanz C.,Tichenor A.,5.920800415263079,1
Saal-Lanning B.,Walczak D.,5.920745541857137,1
Janssen R.,Lister S.,5.920632003305542,1
Lenhart A.,Libo P.,5.920561018375188,1
Avants C.,Devidze S.,5.920477649972195,2
Canale D.,Susko S.,5.920168469778915,2
Improta J.,Zalinski C.,5.92,1
Hance K.,Schaefer D.,5.92,1
Li M.,Tichenor A.,5.92,1
Cobb R.,Spratley J.,5.919106783598755,1
Brooks A.,Rohrabacher R.,5.919083216651498,2
Wilkins M.,mercado l.,5.91848244052116,1
Stanciu L.,Trifunovic C.,5.918392217644873,2
Hawk R.,Perkins S.,5.918192287839691,1
McMillan O.,Stanciu L.,5.917923242316245,1
Donahue S.,Mateer P.,5.917688577363951,1
Bauers D.,Grambeau K.,5.917510874036087,3
Ignatowich A.,Truluck L.,5.917440482607204,2
Castillo J.,Eugenio N.,5.917412465651648,1
Monson M.,Trevino C.,5.917321914016386,1
Elliott C.,Goldenh S.,5.9171446018570215,1
Mulhern S.,Policare A.,5.917083995260287,1
King I.,Minna B.,5.916485357270453,1
Boydston E.,Boydston E.,5.916371295967657,5
Hanks R.,Saucerman A.,5.915344017153782,1
Trifunovic C.,Zilveti C.,5.915129858985564,1
Spiridis H.,Tschetter I.,5.914794362743301,1
Bouchard G.,Wang C.,5.914738872786508,2
Haleas S.,Wong L.,5.914253234523204,1
Allan K.,Pretorius S.,5.912378959792971,1
Mason J.,Sleeth L.,5.91194144831713,1
Carpenter S.,OKelley A.,5.9115221470359,1
Haymore H.,James R.,5.910812649324015,2
Raygadas D.,Torres A.,5.910598490807622,1
Hazrati A.,Zigliara C.,5.909903935033496,1
Garcia T.,Revuelta B.,5.909590577466663,1
Dore M.,Toli M.,5.909093047300397,3
Cosma E.,Yeh E.,5.90879359460194,1
Saidhuj S.,Son G.,5.9087848476799145,1
Contratto A.,Garza D.,5.908345710410653,1
Ferger M.,Ingram J.,5.908242349380723,1
Castillo J.,Hessert J.,5.906678924120851,2
Koo A.,Wang C.,5.906325272673149,1
Mannarino A.,Tiboldi D.,5.906290547020667,1
Smith J.,Stewart K.,5.9060899272838885,5
Lord A.,Shore D.,5.905898258068937,1
Ansboury S.,Hones M.,5.905693571490326,1
Pierson C.,Pretorius S.,5.905494238257051,1
Mason J.,Trevino C.,5.905033446254091,2
Folden L.,Marcenco I.,5.904407687236999,1
Maalouf M.,Puni E.,5.903921282701519,1
Curiel l.,Kordic L.,5.903912725425628,2
Blake C.,Brown A.,5.903763408422708,1
Borobia A.,Nussbaum H.,5.903668114167509,2
Dyachenko A.,Olson A.,5.903650032418715,2
Eugenio N.,Turkovic D.,5.903532928721364,1
Ignatowich A.,Zilveti C.,5.903527618508689,9
Horton B.,Searle A.,5.903516896915102,1
Nussbaum H.,Zahn S.,5.903416909602014,1
Landgraf T.,Meendsen C.,5.903364572566643,1
Hessert J.,Lane G.,5.903142199305871,3
Ash R.,Bon S.,5.903095410504461,2
Parker S.,Taufa D.,5.903054413615919,1
Caruso B.,Libo P.,5.902789286022025,1
Carr K.,Zilveti C.,5.90236611376385,3
Grigoriu M.,Tonnessen B.,5.902135481525325,1
Skinner L.,Trujillo I.,5.901891003408854,2
Kemp B.,Leising J.,5.901750600661077,1
Allan K.,Canale D.,5.9013300529111845,1
Sutton R.,Zalinski C.,5.900850090202734,2
Johnson C.,Mattingly L.,5.900662814694995,2
Hintz C.,Janssen R.,5.900405880539636,1
Dunn D.,Monson M.,5.90036146627095,1
Davis A.,Leonard S.,5.900242197787129,1
Blake C.,Ticknor S.,5.900165936960392,4
Andersen L.,Gaines K.,5.900160668745241,2
Kawamoto J.,Stratman L.,5.899979420663715,2
Ignatowich A.,Schaefer D.,5.899900094582636,1
Donatoni M.,Grigoriu M.,5.899750643652825,1
Ojeda B.,Pierson C.,5.899467052446838,1
Elpusan T.,Purcell C.,5.89937649431231,1
Dennehy S.,Mason J.,5.899157478693961,1
Stark J.,Stevens S.,5.898681242794046,1
Coddens S.,McDonald H.,5.898619844818339,2
Duknic L.,Nealy A.,5.898435904207767,1
Blatt H.,Hones M.,5.898130328664096,1
Ferris A.,Vitale G.,5.897849567983274,1
Bouchard G.,Hones M.,5.897441611023205,2
Bauers D.,Branton E.,5.897370063083758,1
Hoag C.,Revuelta B.,5.8964132464127035,2
Hidalgo-Smith L.,Ingram J.,5.896313037794713,1
Andersen L.,Frank H.,5.896106387216858,1
Ferris A.,Minniefield J.,5.896085301604162,1
Ignatowich A.,Ricardo S.,5.896061381384279,2
Biakina E.,Tschetter I.,5.895859523945738,2
Ruhl T.,Summers R.,5.895522391226553,1
Butler A.,Rochefort J.,5.895280249254454,1
Neiman S.,Wong S.,5.8952483511926355,2
Bowers A.,Hamilton D.,5.894941190749495,1
Branton E.,To H.,5.89468443887298,1
Eugenio N.,James R.,5.894084799790667,2
Blake C.,Hoag C.,5.894073892370155,2
Mason J.,Welch A.,5.893886202724052,1
Belle D.,Hones M.,5.893199798157725,2
Brown A.,Hones M.,5.892599788690757,1
Li M.,Pooler K.,5.892420120415407,1
Kalhorn N.,Leonard S.,5.892359668674492,1
Alvarez A.,Ulery K.,5.89204561198295,1
Brown M.,Ruhl T.,5.891666083733112,2
Ojeda B.,Vill M.,5.891024804679374,1
Kern E.,Rasmusen M.,5.890948563607444,2
Bolko M.,Daly S.,5.890523753038774,1
Parker S.,Williams S.,5.890523357938163,1
Palavra S.,Washelesky M.,5.890455145860703,1
Paolicelli M.,Ruhl T.,5.890193742354183,1
Rochefort J.,Vitale G.,5.890150801818564,1
Griffith A.,Palavra S.,5.889597823231465,1
Jackson B.,Leonard S.,5.8895193514924635,1
Raugust D.,Tavernier J.,5.889388387287095,1
Kelly C.,Madison L.,5.889149509535313,1
Biakina E.,Kong L.,5.888533942525508,3
Purcell C.,Satuala L.,5.887931833736096,2
Fagan K.,Layton K.,5.887777695972761,2
Purcell C.,Wold M.,5.887740565392827,1
David S.,Tavernier J.,5.887669989571757,2
Devidze S.,Stewart K.,5.887547248760765,1
Campbell C.,Grigoriu M.,5.887311434667477,4
Garcia T.,Ignatowich A.,5.88686222141296,1
Ronney J.,Ward H.,5.886769738403963,1
Bohnert R.,Foster R.,5.885828884633458,2
Glenn C.,Yu V.,5.885544128124109,1
Haas J.,McMillan O.,5.885494754689361,1
Khurana N.,Landgraf T.,5.885350378879291,1
Li M.,Ruhl T.,5.885340207114647,3
Belyea J.,Chernikova J.,5.8852442003277705,1
Ingram J.,Nelson E.,5.885108804871164,1
Davis A.,Ojeda B.,5.884835146538913,1
Ash R.,mercado l.,5.884723598078078,3
Eugenio N.,Wright C.,5.884481778011051,1
Raugust D.,Wilkins M.,5.884414897778709,1
Hance K.,mcintosh c.,5.88426765742845,1
Hendry A.,Lane G.,5.884156808944858,2
Belle D.,Morris L.,5.883603833844745,1
Miles P.,Ottesen T.,5.882802866224183,2
Bromley B.,Dore M.,5.88239441108592,2
Bohnert K.,Bohnert R.,5.882218144237461,2
Murphy M.,Ojeda B.,5.881285300417153,2
Brown A.,Safdar M.,5.880229076003649,1
Brown A.,Brown A.,5.880009865903563,1
Hessert J.,Tichenor A.,5.87905476436076,1
Lord A.,Wong L.,5.878845512509358,1
Castillo J.,Lane G.,5.87826628906705,8
Castillo J.,Grambeau K.,5.877962158727426,2
Kusuma C.,Rochefort J.,5.877780545592113,2
Guillebeaux S.,mercado l.,5.877303941811739,1
Kinstler L.,Murphy M.,5.8771608108932964,2
Folden L.,Trevino C.,5.876320950182077,1
Morales A.,Ojeda B.,5.876007104643384,1
Lim D.,Pierson C.,5.875851538689993,1
Donahue S.,Pitts N.,5.875635080920613,1
Imparato P.,Vonderschmidt M.,5.874967711431412,2
Blake C.,Revuelta B.,5.874737242550781,2
Hoag C.,Studnicki A.,5.873704842499173,5
Phillips O.,Shore D.,5.873689609916159,1
Ferris A.,To H.,5.873536870921399,3
Haymore H.,Imparato P.,5.872910837133502,2
Beck A.,Ciampini D.,5.872848443508588,3
Allan K.,Casey K.,5.87231267057557,2
Kemp B.,mercado l.,5.872270616340984,2
Chan A.,Grigoriu M.,5.869994558513464,1
Hoag C.,Klett J.,5.869860472150759,1
Garza D.,Pierson C.,5.869793795142029,1
Mason J.,Saucerman A.,5.8693679863320485,1
Kutz A.,Schulte M.,5.868786636502291,3
Andrews K.,Palavra S.,5.868311491494271,2
Clark C.,Giltinan L.,5.867726545904995,1
Oliver T.,Oxenden R.,5.866978930133939,1
Clark C.,Shore D.,5.866781549712142,1
Murphy M.,To H.,5.866747646702955,3
Aldridge B.,Jansen H.,5.865942921893771,1
Rochefort J.,Zalinski C.,5.865874813417376,2
Grigoriu M.,Pierson C.,5.865871970493755,1
Chernikova J.,Williams S.,5.865572349617095,1
Hsieh Y.,Li M.,5.865148479900679,2
Lim D.,Murphy M.,5.8640622879214,1
Lord A.,Wolfe M.,5.863837838153378,1
DeJager T.,Leising J.,5.861941273935136,3
Baker R.,Haught C.,5.8617596381735755,1
Campbell C.,Mason J.,5.861454663634484,1
Bauers D.,Garcia T.,5.861146205483359,1
Garza D.,Marcenco I.,5.860765575505507,1
Giltinan L.,Libo P.,5.860105845438738,1
Rodgers C.,Walker A.,5.860010125200078,3
Brown A.,Bui M.,5.858331200095617,1
Bowers A.,Lord A.,5.858208060539211,1
Garza D.,Ingram J.,5.85764796828202,2
Stark J.,Tan N.,5.857361529114437,1
Phillips A.,Revuelta B.,5.855352029322963,1
Guillebeaux S.,Schulte M.,5.85518464644792,1
Boydston E.,Rasmusen M.,5.85509707986252,6
Giltinan L.,Ronney J.,5.854886001447492,1
Ignatowich A.,Stewart K.,5.854235485050164,3
Castillo J.,Klett J.,5.852347574595918,2
Blake C.,Borobia A.,5.852320495394642,1
Grollman M.,Pierson C.,5.851969090877618,1
Eugenio N.,mcintosh c.,5.851431211000139,1
Boydston E.,Sleeth L.,5.849658750099833,1
Bui M.,Garza D.,5.849043357339919,1
King I.,Yoshitomi A.,5.84902125996136,1
Libo P.,Stanciu L.,5.847953896872268,1
Ingram J.,mercado l.,5.847063680949651,1
Helmuth V.,Mason J.,5.846889279171569,1
Bauers D.,Ruhl T.,5.8458326605220226,2
Hoag C.,Marseco K.,5.844935423282265,2
Ferger M.,Folden L.,5.844533978163077,1
Mason J.,Ronney J.,5.844072675719121,2
David S.,Hessert J.,5.8425874587625986,2
Conard N.,Mason J.,5.839896663902218,1
Bucolo B.,Zalinski C.,5.836373044839669,2
Pitts N.,Williams S.,5.836161005582916,1
Allan K.,Schulte M.,5.833707780547897,1
Blake C.,Campbell C.,5.828961770897417,1
Ash R.,Beck A.,5.827398249819336,1
Folden L.,Mason J.,5.8261788138981,1
Grollman M.,King I.,5.825842776694986,1
Jones J.,Zalinski C.,5.825226111526122,1
Bouchard G.,Schaefer D.,5.82388368809862,3
Garza D.,Mason J.,5.822213250167488,2
Blake C.,Murillo C.,5.820550035052624,4
Grigoriu M.,Ochoa I.,5.81758368516247,1
David S.,Lane G.,5.817101051289539,2
Hamilton D.,Son G.,5.815729399802821,1
Lim D.,Schulte M.,5.815512729333728,2
Murray B.,Rasmusen M.,5.8144569535657835,5
Eugenio N.,Hones M.,5.814392061266166,1
Revuelta B.,mercado l.,5.806113964786247,2
Garza D.,Ronney J.,5.8049644286573585,1
Libo P.,Ruhl T.,5.802727691440827,1
Joy J.,King I.,5.802179069090643,2
To H.,Wolf D.,5.782537353996395,1
Lane G.,Zalinski C.,5.758571682122523,1
